Data,Otwarcie,Zamknięcie,Maks.,Min.,Obrót (mln. zł),Zmiana (%)
2019-03-07,439.8,434,443.8,432,8.3,-1.36
2019-03-06,439.2,440,440.2,433.8,3.05,1.57
2019-03-05,440,433.2,444,431.2,5.59,0.74
2019-03-04,433.2,430,435.6,426.2,4.04,-0.09
2019-03-01,436.2,430.4,436.2,428,4.48,0.7
2019-02-28,426.6,427.4,439.4,426.6,14.98,-1.25
2019-02-27,438.8,432.8,441.8,432.8,5.54,-2.21
2019-02-26,438.2,442.6,445,437,4.19,0.45
2019-02-25,436.8,440.6,444.6,434.4,4.81,0.87
2019-02-22,430,436.8,440,430,13.83,1.68
2019-02-21,434.8,429.6,437.8,426.6,13.38,-0.83
2019-02-20,438.4,433.2,439,432,8.68,-0.41
2019-02-19,439.6,435,447.8,433,10.81,-1.09
2019-02-18,441.8,439.8,450,436,6.29,-0.14
2019-02-15,430,440.4,442.4,430,5.02,1.94
2019-02-14,442.2,432,442.2,430.6,5.61,-0.55
2019-02-13,439.8,434.4,440,433,6.5,-0.14
2019-02-12,432.6,435,438.4,431.4,8.48,0.79
2019-02-11,436.4,431.6,438,430.6,6.09,-1.01
2019-02-08,442.4,436,442.4,434.8,8.11,-2.02
2019-02-07,449.2,445,456.2,444.6,8.32,-1.64
2019-02-06,451,452.4,452.4,446.4,9.5,1.66
2019-02-05,444,445,451.6,442.2,3.63,0.14
2019-02-04,459,444.4,459,441.4,11.7,-1.9
2019-02-01,449,453,455,449,5.17,0.89
2019-01-31,440,449,451,440,9.5,1.72
2019-01-30,443,441.4,448.4,440.2,5.14,0.09
2019-01-29,449,441,452.8,441,10.37,-1.56
2019-01-28,447,448,451.2,441,8.39,-0.58
2019-01-25,471.4,450.6,472,449.2,29.77,-4.01
2019-01-24,459.6,469.4,469.8,458.8,11.16,2.58
2019-01-23,453,457.6,460,447.4,7.41,1.1
2019-01-22,448,452.6,455.4,446.8,9.78,0.98
2019-01-21,459,448.2,459,445.2,7.48,-1.71
2019-01-18,451,456,456,451,8.1,1.2
2019-01-17,440,450.6,453,439.2,14.22,2.41
2019-01-16,435.6,440,442,433.4,16.76,0.55
2019-01-15,436,437.6,438.4,431.8,13.9,0.78
2019-01-14,425.4,434.2,435.8,425.4,21.54,0.56
2019-01-11,431.4,431.8,433.6,427.2,6.16,0.56
2019-01-10,428.4,429.4,430,421.4,9.95,0.23
2019-01-09,422.6,428.4,431.2,422.6,9.81,0.14
2019-01-08,422.2,427.8,427.8,420.8,6.87,0.19
2019-01-07,423.8,427,429.8,420,11,1.18
2019-01-04,417.4,422,424,417.4,19.49,0.48
2019-01-03,420,420,430,416.4,22.04,-0.47
2019-01-02,415,422,422,410.2,3.88,-0.52
2018-12-31,424.2,424.2,424.2,424.2,0,0
2018-12-28,408.4,424.2,424.2,408.4,5.44,4.43
2018-12-27,421,406.2,425,406.2,8.02,-3.61
2018-12-24,421.4,421.4,421.4,421.4,0,0
2018-12-21,425,421.4,426.6,415,23.9,-0.52
2018-12-20,433.6,423.6,433.6,414.2,7.78,-3.24
2018-12-19,440,437.8,440,429.2,5.82,0.32
2018-12-18,422,436.4,438.6,422,16.47,2.25
2018-12-17,424,426.8,428.4,420.8,6.67,-0.19
2018-12-14,409,427.6,427.6,405,8.32,2.69
2018-12-13,411,416.4,416.6,403.2,5.72,1.56
2018-12-12,399.8,410,410,399,6.13,2.45
2018-12-11,400.6,400.2,410.8,400,7.44,-0.1
2018-12-10,411.8,400.6,411.8,400.4,10.85,-3.75
2018-12-07,425.4,416.2,436,412.6,13.24,-2.98
2018-12-06,431,429,444,429,9.42,-3.47
2018-12-05,425,444.4,444.4,420,11.27,4.17
2018-12-04,416.8,426.6,427.6,410.2,7.24,2.65
2018-12-03,421,415.6,421,409.2,9.03,1.76
2018-11-30,408.2,408.4,418,404.6,16.15,-3.54
2018-11-29,415,423.4,423.6,408.4,10.38,3.17
2018-11-28,399,410.4,412,396.2,8.09,3.9
2018-11-27,403,395,405.8,394.4,5.19,-1.25
2018-11-26,406,400,407.4,397.2,3.9,-0.5
2018-11-23,399,402,404.6,399,1.95,0.8
2018-11-22,399,398.8,403.8,393.4,5.11,1.42
2018-11-21,395,393.2,399,393.2,8.29,-0.46
2018-11-20,396.6,395,399,390.8,5.34,0.2
2018-11-19,396.6,394.2,399.4,391.8,5.7,-1
2018-11-16,400.2,398.2,403.6,391.8,11.4,0.05
2018-11-15,410.2,398,417.8,396.8,11,-3.86
2018-11-14,402,414,421,402,5.68,0.34
2018-11-13,412,412.6,419.8,410.4,11.56,-1.01
2018-11-12,416.8,416.8,416.8,416.8,0,0
2018-11-09,415,416.8,418.8,412.4,5.28,-0.86
2018-11-08,410,420.4,422.4,410,6.63,0.72
2018-11-07,404.2,417.4,421,404.2,7.55,2.3
2018-11-06,393,408,409,388.4,6.67,3.87
2018-11-05,380,392.8,393.6,378.8,6.09,4.03
2018-11-02,382.6,377.6,384.4,372.2,11.44,0.96
2018-10-31,395,374,395,371.2,12.57,-2.91
2018-10-30,391.2,385.2,396.8,385,3.1,-1.83
2018-10-29,388.8,392.4,397,388.8,3.31,-0.81
2018-10-25,390,395.6,395.6,386,4.46,1.59
2018-10-24,394.6,389.4,398,387.2,4.99,-1.37
2018-10-23,397,394.8,399.2,394.2,3.82,-2.23
2018-10-22,402.2,403.8,405,397,3.19,0.4
2018-10-19,399.2,402.2,405,395,3.85,0.8
2018-10-18,406,399,407,397.8,4.88,-1.68
2018-10-17,412,405.8,417.4,400.6,9.44,-2.41
2018-10-16,409.4,415.8,415.8,403.2,5.57,1.61
2018-10-15,405.4,409.2,412.2,400,3.5,0.94
2018-10-12,402.2,405.4,408.2,401.6,10.23,1.3
2018-10-11,406,400.2,406.4,396.2,9.06,-1.28
2018-10-10,419.8,405.4,419.8,405.4,5.56,-2.41
2018-10-09,420.6,415.4,424.4,415.2,4.82,-1.24
2018-10-08,426.6,420.6,429.8,419.8,3.43,-1.54
2018-10-05,435.8,427.2,439.2,427.2,8.24,-1.93
2018-10-04,445.2,435.6,445.2,435.6,7.66,-2.16
2018-10-03,450,445.2,451.8,441.2,6.14,0
2018-10-02,438.2,445.2,445.2,436.4,6.25,-0.45
2018-10-01,446,447.2,454.2,440.2,3.89,-0.09
2018-09-28,455.4,447.6,455.4,440.4,15.63,-2.06
2018-09-27,446.6,457,457,439.4,12.76,1.83
2018-09-26,445,448.8,448.8,441.4,9.41,0.81
2018-09-25,430,445.2,445.6,427.4,11.76,4.12
2018-09-24,416.4,427.6,429.4,416,8.32,1.76
2018-09-21,414.2,420.2,431,405,80.09,1.94
2018-09-20,403.4,412.2,412.2,399.8,9.16,3.83
2018-09-19,399,397,407.8,386.2,8.59,-0.5
2018-09-18,397.6,399,409.6,394,5.68,-0.65
2018-09-17,406,401.6,407.2,397.2,6.83,-1.13
2018-09-14,411.6,406.2,411.6,399,3.41,0.59
2018-09-13,395,403.8,409.2,395,7.04,1.41
2018-09-12,393.6,398.2,404,390.2,11.01,0.61
2018-09-11,409,395.8,409,394.4,5.49,-2.27
2018-09-10,397,405,405,388.2,3.77,2.9
2018-09-07,417.8,393.6,417.8,389.6,5.93,-5.84
2018-09-06,409.6,418,418,409.4,6.88,2.05
2018-09-05,410.8,409.6,417.8,405.8,5.89,-1.3
2018-09-04,411.6,415,418,410.8,5.91,-0.1
2018-09-03,409,415.4,418,409,3.87,1.42
2018-08-31,414,409.6,418.6,409.6,6.25,-0.68
2018-08-30,416.6,412.4,416.8,409.4,5.09,-1.06
2018-08-29,411.8,416.8,416.8,408.6,8.77,0.97
2018-08-28,410,412.8,420,406.8,12.54,0
2018-08-27,404,412.8,413.4,403,6.12,2.79
2018-08-24,402.4,401.6,402.4,396,4.38,-0.45
2018-08-23,392,403.4,403.4,391,5.67,2.7
2018-08-22,388.2,392.8,401.6,388.2,5.9,1.18
2018-08-21,386,388.2,394.8,384.2,5.12,0.83
2018-08-20,389,385,389.6,375,6.28,-0.93
2018-08-17,397.2,388.6,399.4,388.6,4.8,-2.61
2018-08-16,395.8,399,401.8,392.4,3.94,0.5
2018-08-14,401,397,401.8,395.6,5.78,-1.19
2018-08-13,394.6,401.8,401.8,390,8.74,1.88
2018-08-10,401.8,394.4,405,394.4,6.86,-2.67
2018-08-09,408.2,405.2,408.2,398.6,8.12,-0.1
2018-08-08,419.6,405.6,421.2,404.2,7.01,-3.57
2018-08-07,413,420.6,420.6,413,6.12,2.04
2018-08-06,420.6,412.2,421.6,412.2,6.75,-1.81
2018-08-03,418.6,419.8,420,417,6.63,0.77
2018-08-02,430,416.6,430,414.6,5.5,-3.12
2018-08-01,430,430,431.8,425.6,7.92,0.56
2018-07-31,418,427.6,429.8,414,12.96,1.04
2018-07-30,409,423.2,423.2,409,8.44,3.02
2018-07-27,418,410.8,420.4,408.8,3.63,-1.25
2018-07-26,410,416,418,409,11.47,1.96
2018-07-25,406.4,408,410,404,8.56,1.09
2018-07-24,395.6,403.6,403.6,395.6,11.22,2.33
2018-07-23,403,394.4,403,394.4,4.65,-1.4
2018-07-20,397.2,400,400,393.8,8.68,0.81
2018-07-19,393.4,396.8,396.8,389,4.35,0.3
2018-07-18,399.6,395.6,403.6,394,2.55,-1.25
2018-07-17,396.4,400.6,401.6,394,4.24,1.73
2018-07-16,397.2,393.8,402.4,393.8,3.38,-1.55
2018-07-13,405.2,400,406.6,394.4,3.75,0.2
2018-07-12,400,399.2,404,399.2,3.92,-0.15
2018-07-11,401,399.8,404.4,398.4,5.72,-0.05
2018-07-10,397,400,407.6,397,8.81,-0.15
2018-07-09,401.8,400.6,404,397,2.43,-0.15
2018-07-06,402.4,401.2,404.8,397.6,8.45,-0.45
2018-07-05,406,403,409.8,402.4,2.79,-1.32
2018-07-04,401.2,408.4,410.2,401.2,2.14,1.69
2018-07-03,400.4,401.6,404.2,396,8.39,0.75
2018-07-02,398.2,398.6,401,393.2,6.1,-0.3
2018-06-29,396.4,399.8,402,393.4,9.31,1.52
2018-06-28,398.4,393.8,400.4,393.8,8.96,-1.99
2018-06-27,400.4,401.8,403,398,6.22,0.35
2018-06-26,409.2,400.4,409.2,398.4,6.73,0.35
2018-06-25,400.2,399,406.2,396.6,10.22,-0.75
2018-06-22,404,402,406.8,400.4,10.44,0.7
2018-06-21,405.2,399.2,408.8,395,9.32,-1.43
2018-06-20,400,405,409.2,397.8,23.62,1.35
2018-06-19,409,399.6,410.6,395.4,25.43,-3.48
2018-06-18,413.4,414,416.8,407.6,9.91,0.19
2018-06-15,430,413.2,430,413,30,-3.55
2018-06-14,439.4,428.4,439.4,428.4,6.96,-3.03
2018-06-13,434.4,441.8,442,432.8,9.43,1.19
2018-06-12,433.6,436.6,436.8,433.6,5.53,0.55
2018-06-11,430,434.2,436.4,428.8,6.63,0.79
2018-06-08,430,430.8,435,427,6.22,0.19
2018-06-07,426,430,432.8,425.2,4.18,0.7
2018-06-06,433,427,433,425,17.89,-1.57
2018-06-05,428,433.8,433.8,424.8,14.88,1.02
2018-06-01,424,429.4,429.4,419,5.84,1.9
2018-05-30,432.2,421.4,432.8,421,27.76,-3.13
2018-05-29,428.4,435,435,421,7.88,0.23
2018-05-28,442.6,434,442.6,427.8,4.64,-0.28
2018-05-25,430.2,435.2,442,430.2,7.72,-0.5
2018-05-24,430,437.4,442.2,429.8,8.62,1.3
2018-05-23,431,431.8,434.8,428,8.23,-1.42
2018-05-22,430,438,438.4,430,7.66,0.55
2018-05-21,430,435.6,437.2,430,4.94,1.3
2018-05-18,437,430,440.8,428.4,7.28,-2.27
2018-05-17,450,440,450,440,7.93,-1.79
2018-05-16,442,448,448,440.4,9.72,1.36
2018-05-15,459.4,442,459.4,438.2,17.02,-2.64
2018-05-14,461,454,461,453.4,10.41,-1.22
2018-05-11,455,459.6,459.6,450.6,10.07,2.13
2018-05-10,453,450,455,448,9.71,0.9
2018-05-09,442,446,447,440.6,7.82,0.9
2018-05-08,432.8,442,444.8,430.4,7.87,1.42
2018-05-07,430,435.8,435.8,430,6.12,1.59
2018-05-04,442,429,445,428.4,8.35,-4.84
2018-05-02,440,450.8,451,440,6.4,4.98
2018-04-30,440,429.4,451,429.4,7.03,-3.64
2018-04-27,446.2,445.6,452.8,436.6,11.23,-0.62
2018-04-26,442,448.4,450,442,4.57,1.68
2018-04-25,436,441,444.4,436,4.16,0
2018-04-24,450,441,450,436.4,5.59,-0.54
2018-04-23,431.6,443.4,446,431.6,7.35,-0.14
2018-04-20,441,444,449.6,435,2.96,-0.85
2018-04-19,444.8,447.8,450.8,440.4,6.49,1.04
2018-04-18,440,443.2,444.4,438,4.2,0.91
2018-04-17,434.6,439.2,439.2,432.4,2.86,1.76
2018-04-16,436,431.6,437.2,430.2,1.51,-0.51
2018-04-13,440,433.8,441.2,431.6,3.73,-1.41
2018-04-12,444.6,440,445,431.4,4.59,-1.08
2018-04-11,437.2,444.8,448.6,437.2,4.96,1.78
2018-04-10,436,437,439.2,428.8,4.68,0.92
2018-04-09,433,433,433,423.4,6.18,0.46
2018-04-06,434.2,431,435.4,424.2,8.16,-1.06
2018-04-05,427.8,435.6,436.6,427.8,5.09,1.07
2018-04-04,430.2,431,435.8,422,5.87,-1.28
2018-04-03,418.8,436.6,439,418.8,9.13,4.25
2018-03-29,433.4,418.8,433.4,417.6,9.7,-1.09
2018-03-28,428,423.4,437,423.2,9.35,-1.26
2018-03-27,440,428.8,441.6,428.8,4.54,-0.05
2018-03-26,425,429,438,424.8,5.45,1.27
2018-03-23,423,423.6,432.6,421,14.45,-0.75
2018-03-22,437,426.8,445.4,424.2,9.78,-2.69
2018-03-21,430,438.6,438.6,428,9.36,3.01
2018-03-20,430,425.8,431.8,420.2,16.97,-0.75
2018-03-19,440.8,429,444.8,426,6.15,-3.68
2018-03-16,447,445.4,455.4,440,27.03,-1.15
2018-03-15,448.2,450.6,453.8,447,3.47,0.54
2018-03-14,450,448.2,458.4,446,3.93,-2.65
2018-03-13,456.8,460.4,468,455.6,6.19,0.83
2018-03-12,456,456.6,456.6,450.8,4.02,1.11
2018-03-09,448.4,451.6,453.6,442.4,8.41,0.71
2018-03-08,453,448.4,459.6,447.6,6.27,-1.67
2018-03-07,444.2,456,457.8,444.2,7.64,0.88
2018-03-06,453,452,457.8,447.2,5.39,0
2018-03-05,445.4,452,456.2,442.2,8.77,1.53
2018-03-02,446.6,445.2,449,437.6,8.54,-1.29
2018-03-01,465,451,465,449,11.03,-1.53
2018-02-28,457,458,472.6,457,18.59,-0.35
2018-02-27,465.2,459.6,467.4,454.6,8.72,-1.96
2018-02-26,484,468.8,484,465.8,5.32,-1.72
2018-02-23,490.8,477,493.6,474,6.85,-3.21
2018-02-22,472.2,492.8,492.8,472.2,10.16,3.05
2018-02-21,475.2,478.2,480,474.6,6.23,-0.33
2018-02-20,472,479.8,479.8,472,4.87,1.05
2018-02-19,475,474.8,482.8,471.6,3.53,-0.34
2018-02-16,488,476.4,488,473,9.49,-0.54
2018-02-15,485,479,487,479,3.53,-0.95
2018-02-14,492,483.6,492,479,8.31,0.33
2018-02-13,486.2,482,488.2,480.8,4.75,-0.62
2018-02-12,480,485,489.8,480,7.33,1.04
2018-02-09,477,480,486.4,475,11.32,-1.07
2018-02-08,512.5,485.2,514,485,8.8,-1.18
2018-02-07,495.6,491,499.2,482.2,14.15,1.87
2018-02-06,499,482,507,482,12.91,-5.49
2018-02-05,495,510,519,495,6.86,1.9
2018-02-02,517.5,500.5,518,500.5,5.73,-3.93
2018-02-01,519,521,528,513.5,7.14,2.16
2018-01-31,516.5,510,524.5,510,7.65,-0.78
2018-01-30,528,514,528,506.5,6.71,-2.56
2018-01-29,525,527.5,527.5,517.5,7.66,-0.47
2018-01-26,521,530,530,517.5,7.34,1.53
2018-01-25,532,522,532,521,6.9,-1.04
2018-01-24,534,527.5,534.5,523,4.8,-1.12
2018-01-23,525,533.5,538,523,11.61,1.62
2018-01-22,521.5,525,525,514.5,7.87,-0.1
2018-01-19,517,525.5,526,515.5,3.57,1.64
2018-01-18,522.5,517,522.5,516,11.95,-0.77
2018-01-17,507.5,521,521,507.5,11.23,2.06
2018-01-16,493,510.5,514.5,487.8,13.86,3.68
2018-01-15,487.2,492.4,492.4,484.4,1.71,1.32
2018-01-12,492.4,486,492.4,480,5.66,-0.65
2018-01-11,486.4,489.2,492.8,484.8,4.43,0.66
2018-01-10,489.6,486,492,482.8,6.36,-0.74
2018-01-09,502,489.6,502,486.6,9.09,-2.66
2018-01-08,496,503,503,495,7.05,1.41
2018-01-05,494,496,496.6,490.4,7.24,0.4
2018-01-04,485.2,494,494,483.8,17.47,9.83
2017-10-19,446.5,449.8,457.4,446.5,9.42,2.2
2017-10-18,450.1,440.1,455,440.1,7.36,-2.34
2017-10-17,465.2,450.65,465.2,450.25,8.82,-3.05
2017-10-16,450,464.85,465.1,445,10.02,2.3
2017-10-13,455.6,454.4,457.45,451.15,6.81,-0.57
2017-10-12,449.4,457,457.75,448.4,11.24,1.96
2017-10-11,439.2,448.2,450,438.15,13.54,2.11
2017-10-10,425,438.95,439.4,425,12.96,3.48
2017-10-09,419.4,424.2,424.5,418,2.37,1.48
2017-10-06,420.9,418,420.9,414.5,5.06,0.72
2017-10-05,413,415,418.45,405.55,3.05,0.55
2017-10-04,419.9,412.75,420,412.65,3.62,-0.19
2017-10-03,415,413.55,421.45,413.4,5.24,-0.35
2017-10-02,424,415,424,415,4.59,-0.95
2017-09-29,418.25,419,426.1,418.25,4.7,-1.04
2017-09-28,422.05,423.4,424.95,418,3.83,0.09
2017-09-27,427,423,431.45,423,3.4,-1.41
2017-09-26,430.75,429.05,432.3,422,2.89,-0.71
2017-09-25,434,432.1,437.9,432.1,3.17,-1.8
2017-09-22,434.9,440,440,432.2,4.27,1.82
2017-09-21,431.5,432.15,435.4,426.4,5.38,0.75
2017-09-20,432,428.95,432,422,4.91,0.26
2017-09-19,425.95,427.85,432,422.45,3.43,0.85
2017-09-18,429,424.25,433.65,422.45,2.31,-1.25
2017-09-15,426.7,429.6,431.95,423,16.91,1.38
2017-09-14,420,423.75,429,418.85,2.42,0.89
2017-09-13,422,420,426.45,417.2,5.37,-0.47
2017-09-12,420.05,422,432,420,5.38,0.48
2017-09-11,415.25,420,426.6,415.25,7.08,-0.88
2017-09-08,420.5,423.75,426,420.1,4.93,0.77
2017-09-07,415,420.5,427,415,6.78,0.12
2017-09-06,427,420,430.55,420,5.37,-1.64
2017-09-05,437.5,427,441.95,424.5,4.54,-2.29
2017-09-04,426.5,437,437,426.5,4.9,1.59
2017-09-01,432,430.15,438,430,4.16,-1.79
2017-08-31,440,438,440,433.6,5.81,-0.02
2017-08-30,444,438.1,444.8,432.7,6.87,-0.21
2017-08-29,440,439,444.55,431.55,6.78,-0.45
2017-08-28,436.3,441,442,428.05,9.41,0.92
2017-08-25,435.95,437,437.75,430.4,3.68,0.76
2017-08-24,421.1,433.7,435,419.55,7.81,2.99
2017-08-23,418.15,421.1,428,418.15,4.33,0.04
2017-08-22,418.1,420.95,424.8,416,3.89,0.87
2017-08-21,418,417.3,420,412.55,1.69,0
2017-08-18,413,417.3,419.4,412,5,0.55
2017-08-17,423,415,423,415,5.92,-1.8
2017-08-16,430,422.6,432.9,422.6,9.02,-1.72
2017-08-14,432.95,430,432.95,425.6,4.42,-0.75
2017-08-11,426.5,433.25,434.25,421.6,4.27,1.24
2017-08-10,430.1,427.95,433.4,426.75,4.66,-0.5
2017-08-09,434,430.1,439.25,430,4.13,-3.13
2017-08-08,428.25,444,444,428,3.33,2.37
2017-08-07,437.95,433.7,438.7,428,2.29,-0.97
2017-08-04,428.55,437.95,438.9,426,6.45,2.91
2017-08-03,434.1,425.55,435.95,424.5,15.33,-2.42
2017-08-02,455.2,436.1,458.1,436.1,18.32,-4.31
2017-08-01,454.2,455.75,458.05,448,8.34,0.16
2017-07-31,437.1,455,456.35,436.5,23.71,2.88
2017-07-28,446.95,442.25,446.95,434,10.77,-1.06
2017-07-27,455.05,447,455.5,440,10.18,-2.83
2017-07-26,463.8,460,463.8,454.4,3.17,-0.83
2017-07-25,469.75,463.85,469.75,457.45,4.28,0.18
2017-07-24,460,463,465.25,456.3,5.21,0.65
2017-07-21,471.85,460,471.85,460,4.02,-1.21
2017-07-20,476.9,465.65,477.2,430,10.45,-0.93
2017-07-19,476.95,470,476.95,462.55,9.12,0.83
2017-07-18,480.05,466.15,483.15,466,6.32,-2.89
2017-07-17,482.45,480,483.9,477.25,5.02,1.05
2017-07-14,475,475,481.7,472.7,6.56,-1.51
2017-07-13,472.85,482.3,482.3,469.9,8.8,1.92
2017-07-12,462.2,473.2,476.75,461.1,6.24,2.65
2017-07-11,457.95,461,461.8,457,6.69,0.48
2017-07-10,460,458.8,460,456.2,4.21,0.17
2017-07-07,455.05,458,459.95,454.75,5.55,0.66
2017-07-06,456.6,455,465.85,453.65,5.06,-0.63
2017-07-05,458.25,457.9,459.45,451.15,4.6,0.63
2017-07-04,467,455.05,467,455.05,6.88,-4.23
2017-07-03,462,475.15,475.15,455.2,3.86,2.82
2017-06-30,471,462.1,471,456.5,7.91,-1.22
2017-06-29,476.45,467.8,476.45,466.4,5.88,0.6
2017-06-28,472.4,465,479.85,465,4.15,-2.52
2017-06-27,464.95,477,480,461.8,9.31,2.58
2017-06-26,451.15,465,465,451.15,6.85,3.89
2017-06-23,459.9,447.6,462.85,447.6,4.7,-2.69
2017-06-22,459,459.95,461.55,454.65,3.27,-0.34
2017-06-21,455,461.5,461.5,449.5,12.32,1.23
2017-06-20,442.05,455.9,455.9,442.05,8.09,1.19
2017-06-19,453.95,450.55,453.95,444.35,6.7,0.99
2017-06-16,442,446.15,450.2,438,16.62,0.94
2017-06-14,436.55,442,446.8,436.45,7.29,-0.16
2017-06-13,431.5,442.7,445.45,430.1,4.48,2.29
2017-06-12,434,432.8,443.8,425.5,6.34,-3.36
2017-06-09,444.95,447.85,450.95,437.85,5.82,0.44
2017-06-08,435.85,445.9,448.1,433,15.91,2.51
2017-06-07,429.5,435,436.7,425.05,10.44,1.28
2017-06-06,436.95,429.5,436.95,422.1,10.8,-1.4
2017-06-05,446.95,435.6,448.1,432.2,6.1,-1.89
2017-06-02,430.4,444,444,428.15,5.62,4.59
2017-06-01,422,424.5,428.65,422,5.87,0.59
2017-05-31,430.1,422,432.95,418.25,18.58,-1.53
2017-05-30,438,428.55,438.2,423.05,10.49,-1.96
2017-05-29,428,437.1,437.1,428,2.94,2.1
2017-05-26,430.55,428.1,432,425.85,8.81,-1.26
2017-05-25,420,433.55,433.55,420,5.51,3.23
2017-05-24,416,420,420,413.15,7.54,0
2017-05-23,417,420,432.4,416.3,7.87,-0.77
2017-05-22,425.05,423.25,427.85,412.7,7.05,-1.11
2017-05-19,421,428,431.75,420.05,8.39,0.71
2017-05-18,432.4,425,439.15,418.25,7.78,-1.72
2017-05-17,431.8,432.45,435.85,426.1,9.76,-1.65
2017-05-16,442,439.7,449.45,431.1,8.67,-0.52
2017-05-15,445,442,445,439.35,3.96,0.66
2017-05-12,435,439.1,448,435,12.38,1.05
2017-05-11,443.05,434.55,448,434,31.9,-1.47
2017-05-10,457.95,441.05,457.95,441.05,9.79,-4.1
2017-05-09,443.65,459.9,459.9,442.3,9.31,3.66
2017-05-08,446.8,443.65,446.8,439.55,3.87,-0.3
2017-05-05,441.15,445,446.55,431.3,8.16,-0.77
2017-05-04,431.1,448.45,450,431.1,15.61,2.39
2017-05-02,434.7,438,440,426.1,8.86,1.15
2017-04-28,427.5,433,433.8,420,14.34,1.27
2017-04-27,422.55,427.55,427.95,414.35,8.25,1.32
2017-04-26,418,422,422,408.45,14.69,0.73
2017-04-25,400.1,418.95,424.4,398.15,26.45,5.11
2017-04-24,394.05,398.6,402,394.05,9.87,1.54
2017-04-21,394,392.55,394.6,390.25,11.73,-0.52
2017-04-20,390,394.6,394.6,385,9.9,1.62
2017-04-19,377.95,388.3,389.65,374.5,14.23,3.27
2017-04-18,380,376,385,372.65,4.45,-0.59
2017-04-13,375.4,378.25,379.05,374.1,4.66,-0.45
2017-04-12,369.7,379.95,380.95,369.7,7.77,2.79
2017-04-11,379.7,369.65,382,366.8,9.26,-1.99
2017-04-10,384,377.15,385.65,376.6,3.84,-1.59
2017-04-07,384,383.25,388.75,380.9,4.21,-1.38
2017-04-06,381.05,388.6,389.9,381.05,7.5,-0.7
2017-04-05,385.5,391.35,392.4,380.15,14.21,1.52
2017-04-04,378.5,385.5,385.8,375.6,9.31,2
2017-04-03,375.5,377.95,380,371.2,6.44,1.19
2017-03-31,384.7,373.5,386.95,373.5,10.4,-2.62
2017-03-30,392,383.55,392,382.3,7.4,-1.89
2017-03-29,397.15,390.95,403.5,387.65,8.68,-2.21
2017-03-28,391,399.8,399.8,387.5,17.22,3.23
2017-03-27,387.05,387.3,395.25,387.05,5.53,-3.13
2017-03-24,394.1,399.8,399.8,393.95,10.12,1.22
2017-03-23,384.2,395,399.95,384.1,11.21,2.84
2017-03-22,387,384.1,393.95,384.1,9.31,-1.47
2017-03-21,395.3,389.85,403.95,387.15,9.39,-0.8
2017-03-20,400.5,393,400.5,393,4.5,-1.63
2017-03-17,406.8,399.5,406.8,399.5,24.72,-1.31
2017-03-16,404.95,404.8,406.75,399.4,8.43,2.42
2017-03-15,400.85,395.25,401,393.25,5.65,-0.69
2017-03-14,398.95,398,400.85,390.55,9.4,-0.24
2017-03-13,387.05,398.95,398.95,383.65,10.31,3.35
2017-03-10,395,386,398.95,383.25,9.45,-1.03
2017-03-09,404.85,390,405,386.65,14.21,-3.92
2017-03-08,391.5,405.9,405.9,391.5,9.92,2.76
2017-03-07,400,395,402,390.85,9.22,-0.32
2017-03-06,396.2,396.25,404,396.2,11.15,-1.05
2017-03-03,401.2,400.45,404,398.1,9.8,-0.31
2017-03-02,419.45,401.7,423.8,400.05,29.53,-4.58
2017-03-01,399.8,421,421,399.8,8.24,6.26
2017-02-28,404.75,396.2,407.4,396,13.49,-2.43
2017-02-27,408,406.05,410.7,402.05,4.4,0
2017-02-24,424.5,406.05,429.9,402.65,11.05,-4.35
2017-02-23,426.85,424.5,430.45,418,8.57,-0.59
2017-02-22,419.9,427,427,416.35,9.08,1.69
2017-02-21,410,419.9,419.9,405.05,9.12,2.51
2017-02-20,408.8,409.6,409.65,403.1,3.96,0.39
2017-02-17,407.9,408,409,395.7,18.29,0.04
2017-02-16,406.5,407.85,411.25,400.6,18.7,1.07
2017-02-15,413.4,403.55,416.9,403.55,10.98,-1.73
2017-02-14,416.95,410.65,416.95,406.45,15.06,-1.51
2017-02-13,426.65,416.95,426.65,408,13.83,-2.27
2017-02-10,417.1,426.65,442.9,417.1,38.43,2.81
2017-02-09,397.85,415,415,396.65,21.47,4.8
2017-02-08,382,396,398,382,20.8,4.9
2017-02-07,373.75,377.5,378.9,373.2,8.81,2.03
2017-02-06,388,370,388,368.75,12.73,-5.35
2017-02-03,393.45,390.9,393.45,387,10.2,-0.99
2017-02-02,389,394.8,394.8,387.15,19.97,0.97
2017-02-01,383.55,391,395.9,383.55,24.75,3.44
2017-01-31,379.45,378,383.95,374.95,20.52,0.01
2017-01-30,377,377.95,383.8,375.9,12.76,-2.39
2017-01-27,375,387.2,387.2,374,12.39,2.77
2017-01-26,381,376.75,387.9,372.45,15.38,-1.12
2017-01-25,354.95,381,384.2,348.9,17.96,7.35
2017-01-24,342.95,354.9,355,341,5.2,3.51
2017-01-23,345.55,342.85,352.55,342.15,2.32,-2.83
2017-01-20,351.95,352.85,358.6,348.4,3.85,0.26
2017-01-19,345,351.95,351.95,344.35,4.01,2.01
2017-01-18,349.7,345,354,342,6.36,-0.27
2017-01-17,345.5,345.95,349.75,341.05,2.34,0.26
2017-01-16,355,345.05,355,337.9,16.67,-3.64
2017-01-13,365.1,358.1,367,351.2,12.63,-1.86
2017-01-12,349,364.9,366.7,348,15.05,3.66
2017-01-11,348.65,352,356.5,347.5,12.86,0.96
2017-01-10,344.1,348.65,351.85,341.7,7.83,0.93
2017-01-09,342,345.45,346.15,337.85,5.26,1.51
2017-01-05,346.6,340.3,347.8,336.2,9.36,-2.3
2017-01-04,342.1,348.3,349.65,340,8.52,1.9
2017-01-03,338.75,341.8,341.9,336.9,4.41,1.12
2017-01-02,336.25,338,339.75,331.55,2.79,0.82
2016-12-30,333.65,335.25,336,331.05,2.79,0.48
2016-12-29,332.95,333.65,334.45,330.05,4,0.77
2016-12-28,330,331.1,333.45,326.5,9.9,0.95
2016-12-27,333.85,328,334.1,327.5,5.69,-0.86
2016-12-23,334,330.85,336.45,329.05,4.99,-0.57
2016-12-22,339.15,332.75,339.15,330.2,9.69,-3.27
2016-12-21,343,344,346.75,343,5.23,-0.56
2016-12-20,340.95,345.95,347.5,340.55,4.3,2.61
2016-12-19,346.1,337.15,346.15,336.8,5.1,-2.29
2016-12-16,344.2,345.05,352.15,344.2,20.61,0.32
2016-12-15,342.15,343.95,348.1,342.15,3.97,-1.14
2016-12-14,346,347.9,349.5,341.9,7.4,0.55
2016-12-13,347.8,346,357.5,344,9.03,-0.23
2016-12-12,344.4,346.8,346.8,339.75,10.17,1.39
2016-12-09,349.95,342.05,350,339.7,8.78,-2.26
2016-12-08,344.95,349.95,352.5,342.05,14.53,2.16
2016-12-07,352.75,342.55,352.75,342,10.9,-2.52
2016-12-06,331.95,351.4,358,331.5,19.02,6
2016-12-05,326.55,331.5,331.95,320.85,8.48,3.22
2016-12-02,321.95,321.15,323.6,318.05,11.21,-0.09
2016-12-01,320.1,321.45,326,317.3,6.11,-0.94
2016-11-30,317,324.5,326.85,317,18.55,1.03
2016-11-29,321.9,321.2,324.3,313.05,9.77,1.97
2016-11-28,322,315,323.6,315,7.63,-2.23
2016-11-25,331.95,322.2,334,321.05,5.6,-2.51
2016-11-24,331.45,330.5,333.9,328.25,2.14,0.15
2016-11-23,328.2,330,333.75,328.2,4.48,0.2
2016-11-22,337.95,329.35,339.7,328.8,7.62,-1.69
2016-11-21,329.6,335,338.65,328.2,7.77,0.6
2016-11-18,335.2,333,337,322.5,10.56,-1.11
2016-11-17,342.45,336.75,342.5,336.7,8,-1.23
2016-11-16,341,340.95,342.35,336.2,7.24,0.4
2016-11-15,340.7,339.6,343.15,339,3.67,0.47
2016-11-14,363.5,338,363.5,336.25,17.19,-3.43
2016-11-10,350.95,350,363.6,348.55,16.57,-0.04
2016-11-09,339.3,350.15,350.15,339.3,5.43,0.36
2016-11-08,341,348.9,348.9,341,9.42,2.62
2016-11-07,346,340,346.5,337.35,5.25,0.86
2016-11-04,338.1,337.1,339.4,335,6.57,0.04
2016-11-03,340.05,336.95,340.05,335.5,6.83,-0.88
2016-11-02,352,339.95,353.5,337.65,11.54,-3.91
2016-10-31,346,353.8,354.3,346,7.56,1.59
2016-10-28,344.2,348.25,348.85,341.5,3.87,-0.5
2016-10-27,341.05,350,350,339.9,8.21,2.61
2016-10-26,353.95,341.1,354,340.1,3.26,-3.37
2016-10-25,340.5,353,358.75,340.5,9.38,2.24
2016-10-24,334.3,345.25,345.25,334.3,8.62,3.09
2016-10-21,336.5,334.9,336.85,334,8.97,-0.48
2016-10-20,331.4,336.5,338.2,331.4,1.96,0.34
2016-10-19,333,335.35,340.95,331,17.7,0.83
2016-10-18,333.05,332.6,335.1,331.35,6.39,0.15
2016-10-17,343,332.1,344.95,332.1,10.27,-3.18
2016-10-14,340.1,343,348,340.1,3.33,-0.84
2016-10-13,339.1,345.9,348,339.1,7.43,0.26
2016-10-12,341.95,345,346.65,336.7,8.53,0.76
2016-10-11,344.45,342.4,344.45,340.3,5.87,-1.14
2016-10-10,347.25,346.35,348.45,341.05,3.5,0.06
2016-10-07,347.7,346.15,347.7,340.45,5.5,-0.5
2016-10-06,345,347.9,348.95,342.85,4.56,-0.3
2016-10-05,346.6,348.95,348.95,342.7,4.97,0.68
2016-10-04,345.3,346.6,347.85,342,4.31,-0.37
2016-10-03,344.95,347.9,347.9,341.35,3.34,1.8
2016-09-30,338.05,341.75,349.9,337.15,10.45,-1.47
2016-09-29,350,346.85,351.5,337.2,6.5,-0.87
2016-09-28,347.05,349.9,352.5,345.8,4.07,-0.27
2016-09-27,342.4,350.85,350.85,338.4,7.86,2.47
2016-09-26,346.9,342.4,346.9,337.5,8.43,-2.05
2016-09-23,357.05,349.55,357.05,342.5,7.42,-2.09
2016-09-22,349.5,357,357,349.5,11.07,2.29
2016-09-21,347.5,349,349.9,346.1,4.35,0.53
2016-09-20,341.7,347.15,347.15,341.6,3.01,-0.17
2016-09-19,347.5,347.75,352,342.05,3.82,0.52
2016-09-16,345,345.95,347.8,339.4,37.09,0.54
2016-09-15,344.95,344.1,344.95,336.8,7.51,1.06
2016-09-14,341,340.5,345.9,339.05,7.02,-0.01
2016-09-13,344.35,340.55,347.2,338.45,10.76,-0.54
2016-09-12,357,342.4,357.95,340.25,10.54,-5.07
2016-09-09,372.05,360.7,377,358,6.66,-4.44
2016-09-08,387.5,377.45,387.5,369.15,8.98,-2.22
2016-09-07,385.5,386,388.95,384.55,6.71,0.13
2016-09-06,389.95,385.5,389.95,383.3,7.6,-1.15
2016-09-05,383.05,390,390,383.05,2.66,1.83
2016-09-02,386,383,392.4,381.05,9.13,-1.29
2016-09-01,390.05,388,393,386.2,9.6,-0.39
2016-08-31,389.2,389.5,391.65,385.7,9.67,-0.88
2016-08-30,370.5,392.95,394.15,368.5,14.48,5.99
2016-08-29,369.85,370.75,371.75,363,1.75,0.26
2016-08-26,369.55,369.8,369.8,362.55,3.45,0.98
2016-08-25,370,366.2,370.95,363.25,4.88,-0.22
2016-08-24,367.6,367,370.6,362.1,5.49,-1.49
2016-08-23,364.5,372.55,373.65,363.95,7.85,2.21
2016-08-22,365.8,364.5,365.8,360.15,5.53,-0.55
2016-08-19,368,366.5,368,362.2,2.49,-0.62
2016-08-18,365.15,368.8,368.8,360.05,3.46,1.04
2016-08-17,370.8,365,373.9,362,8.56,-1.36
2016-08-16,373,370.05,375,362.45,7.63,-0.79
2016-08-12,368,373,373,366.9,4.19,1.3
2016-08-11,363,368.2,368.2,362.6,6.17,1.53
2016-08-10,359.95,362.65,363.55,358.95,5.49,0.79
2016-08-09,359.7,359.8,359.8,350.7,6.44,-0.03
2016-08-08,353,359.9,359.9,352.35,5.8,1.84
2016-08-05,351.65,353.4,357,349.05,7.09,0.41
2016-08-04,348.9,351.95,352,343.65,9.64,0.64
2016-08-03,346.1,349.7,349.95,343.4,13.58,0.78
2016-08-02,320.5,347,352.5,320.5,49.87,11.67
2016-08-01,307.6,310.75,312.85,306.5,4.4,2.29
2016-07-29,310,303.8,310.1,303.55,10.67,-2.38
2016-07-28,312.3,311.2,314.6,310.3,5.14,-0.97
2016-07-27,310.05,314.25,317.5,310.05,7.01,-0.55
2016-07-26,311.85,316,316.5,310,3.31,0.65
2016-07-25,312.75,313.95,318.75,311.05,6.35,1.39
2016-07-22,310.05,309.65,312.9,308.05,4.39,-0.45
2016-07-21,312.25,311.05,314.5,308.9,7.15,-1.1
2016-07-20,313.95,314.5,315.5,309.8,7.72,0.48
2016-07-19,309.35,313,314.5,305.65,9.39,1.16
2016-07-18,304.9,309.4,309.4,304.9,8.73,0.98
2016-07-15,306.95,306.4,307.95,303.45,10.3,-0.2
2016-07-14,301,307,307,300.4,6.85,1.72
2016-07-13,312,301.8,312,300.3,8.35,-2.65
2016-07-12,312.45,310,312.45,304.2,6.19,-0.51
2016-07-11,312,311.6,312.9,306.3,8.61,1.83
2016-07-08,302.05,306,311.95,302.05,9.75,1.32
2016-07-07,301.35,302,306.65,300.05,5.1,0.67
2016-07-06,300.05,300,303.5,297,20.21,-1.64
2016-07-05,306.7,305,306.7,303,7.36,-0.02
2016-07-04,300.05,305.05,307.1,292.55,17,0.02
2016-07-01,309.2,305,311.7,301.2,29.88,-1.28
2016-06-30,306,308.95,312.95,306,8.88,0
2016-06-29,313,308.95,313,304.45,4.17,-0.44
2016-06-28,303.2,310.3,312.95,301,9.94,2.34
2016-06-27,306.3,303.2,306.3,297.5,9.35,-0.36
2016-06-24,275,304.3,310.4,275,13.96,-8.73
2016-06-23,328,333.4,334.6,325.45,5.02,1.25
2016-06-22,310.25,329.3,329.3,307.85,6.42,6.24
2016-06-21,306,309.95,311.95,304.1,9.25,-0.96
2016-06-20,310.05,312.95,315.95,307.2,4.46,2.61
2016-06-17,300,305,305.85,293.9,12.8,2.28
2016-06-16,298.35,298.2,300.9,295,9.16,-1.91
2016-06-15,305.5,304,305.5,297.5,7.68,1.5
2016-06-14,308,299.5,308.05,297.35,10.06,-3.23
2016-06-13,302,309.5,310.65,298,5.84,2.79
2016-06-10,309.9,301.1,309.9,296.7,6.18,-2.16
2016-06-09,312.3,307.75,312.4,305,5.36,-1.46
2016-06-08,323,312.3,323,310.85,5.17,-3.27
2016-06-07,311.95,322.85,323,307.05,8.98,3.48
2016-06-06,317.2,312,317.85,305.55,4.77,-1.95
2016-06-03,300.5,318.2,319.05,300.5,9.75,4.11
2016-06-02,300,305.65,305.65,296.35,4.93,1.04
2016-06-01,307.8,302.5,307.95,297.2,7.13,-0.9
2016-05-31,319.05,305.25,322,298.1,16.33,-4.91
2016-05-30,321,321,321.9,318.75,1.14,0
2016-05-27,324.7,321,324.7,317.5,14.93,-0.59
2016-05-25,319.9,322.9,324.65,316,7.86,1.32
2016-05-24,316,318.7,319.35,308.5,5.16,2.11
2016-05-23,306.95,312.1,316.35,298.2,4.67,3
2016-05-20,300,303,308.65,299.65,7.23,1.13
2016-05-19,310.3,299.6,310.3,295.9,5.94,-3.67
2016-05-18,314.8,311,316.5,307.5,6.4,-1.75
2016-05-17,318.95,316.55,320,313.35,5.95,0.13
2016-05-16,319.15,316.15,319.35,316,3.51,1.54
2016-05-13,314.75,311.35,320,307.35,4.69,-1
2016-05-12,306.4,314.5,318.4,306.4,5.01,2.68
2016-05-11,307,306.3,313.95,306.2,5.1,-0.31
2016-05-10,314,307.25,317,303.45,8.71,-1.95
2016-05-09,320.95,313.35,323.75,312.85,7.39,-2.37
2016-05-06,318,320.95,327.9,318,14.3,0.38
2016-05-05,318.6,319.75,319.95,315.5,5.23,0.52
2016-05-04,325.7,318.1,327.95,317.6,10.75,-2.33
2016-05-02,318.55,325.7,329,318.55,1.51,0.77
2016-04-29,324,323.2,324,317.6,6.64,0.15
2016-04-28,327.25,322.7,331.6,320,6.01,-2.27
2016-04-27,330,330.2,337.95,327.2,7.19,-0.39
2016-04-26,337.1,331.5,337.85,327.85,7.37,-0.45
2016-04-25,323.75,333,334.6,323.75,10.17,2.86
2016-04-22,321.15,323.75,326.15,321.15,9.59,1
2016-04-21,321.05,320.55,326.25,317.75,8.58,0.22
2016-04-20,331.9,319.85,335.45,317.5,16.29,-3.57
2016-04-19,340,331.7,342,331.5,7.26,-0.9
2016-04-18,336,334.7,340,330.8,6.31,-0.39
2016-04-15,340.65,336,343.45,331.85,13.01,-1.18
2016-04-14,340.1,340,342.1,336.7,7.75,0.29
2016-04-13,340,339,340,337.1,8.26,1.19
2016-04-12,334,335,338,329.05,8.82,0.33
2016-04-11,336,333.9,345,333,10.75,-0.63
2016-04-08,335.95,336,337.35,329,7.52,0.15
2016-04-07,347.7,335.5,349.95,333.1,9.53,-3.34
2016-04-06,347.7,347.1,347.7,342.5,9.87,-0.37
2016-04-05,347.9,348.4,350.3,338.1,8.14,-0.46
2016-04-04,338.05,350,351.35,338.05,10.02,2.93
2016-04-01,338,340.05,340.05,333.1,8.21,0.01
2016-03-31,344.95,340,345.8,338,15.76,-1.45
2016-03-30,343.95,345,345,340.5,7.44,0.52
2016-03-29,343.95,343.2,343.95,334.3,4.65,-0.23
2016-03-24,336.95,344,344,332.5,6.2,2.08
2016-03-23,346,337,346,333.35,9.17,-2.29
2016-03-22,335.95,344.9,344.9,335.95,9.73,0.97
2016-03-21,346.45,341.6,346.45,335.25,11.68,-0.13
2016-03-18,356,342.05,357.95,342.05,49.66,-3.99
2016-03-17,351.35,356.25,359,347.1,18.84,0.54
2016-03-16,347.5,354.35,354.35,341.3,27.16,1.97
2016-03-15,350.8,347.5,350.8,341,10.28,-0.94
2016-03-14,350.85,350.8,352.6,341.3,13.04,-0.01
2016-03-11,346,350.85,352.5,344.2,12.03,2.65
2016-03-10,341,341.8,346.8,341,10.93,-0.06
2016-03-09,337.25,342,342.6,336.5,11.29,1.41
2016-03-08,341.45,337.25,344.15,337.05,13.47,-0.52
2016-03-07,333,339,341.9,333,15.86,0.59
2016-03-04,331.5,337,339.75,331.5,15.45,2.12
2016-03-03,327,330,330.75,323.55,13.55,0.92
2016-03-02,325.95,327,330,321.4,10.11,2.51
2016-03-01,323.6,319,334,316.25,13.28,-1.27
2016-02-29,333,323.1,333.55,321,10.99,-2.74
2016-02-26,342,332.2,342,331.1,12.39,-3.99
2016-02-25,347,346,349.8,344.15,9.8,0.87
2016-02-24,349.45,343,351.9,341,6.41,-1.15
2016-02-23,342.2,347,353.4,342.2,4.25,-0.24
2016-02-22,347.75,347.85,350.45,345.8,6.92,2.31
2016-02-19,350,340,351.5,337.65,7.63,-3.04
2016-02-18,355,350.65,357.4,343.65,9.82,-0.67
2016-02-17,335,353,361.55,335,20.2,5.89
2016-02-16,334,333.35,334,325.45,4.32,0.92
2016-02-15,326.95,330.3,335,325,6.98,2.04
2016-02-12,311.8,323.7,323.8,311.8,6.53,3.8
2016-02-11,311,311.85,317.95,310.1,4.45,0
2016-02-10,319,311.85,324.4,311.85,7.18,-2.21
2016-02-09,309.6,318.9,322.25,308.65,3.45,1.88
2016-02-08,324.4,313,324.4,310.5,3.58,-3.59
2016-02-05,327.85,324.65,327.85,320.6,3.57,-1.08
2016-02-04,317,328.2,332,316.05,20.13,4.69
2016-02-03,307.05,313.5,314.6,305.4,7.04,1.79
2016-02-02,311.45,308,312,305.5,8,-1.39
2016-02-01,316.75,312.35,316.75,307.1,5.2,-0.84
2016-01-29,314.75,315,315,302.95,13.38,0.96
2016-01-28,297.5,312,314,295,12,5.1
2016-01-27,292.95,296.85,296.85,286.65,7.53,2.95
2016-01-26,281,288.35,290,278.45,4.56,0.8
2016-01-25,283,286.05,292.4,280.05,7.25,-0.3
2016-01-22,271.05,286.9,287.9,271.05,5.61,6.99
2016-01-21,272.25,268.15,276,264.1,13.02,-2.6
2016-01-20,276.5,275.3,284.45,270.15,4.2,-0.58
2016-01-19,280,276.9,282.85,275,5.94,0.58
2016-01-18,282,275.3,285.8,274.3,7.23,-4.19
2016-01-15,301,287.35,309,287.35,17.06,-6.54
2016-01-14,302.2,307.45,307.9,300.5,9.28,-1.08
2016-01-13,309.75,310.8,311.1,304.9,6.87,1.94
2016-01-12,309.8,304.9,309.8,304.05,6.46,2.83
2016-01-11,291,296.5,298,290,6.35,1.19
2016-01-08,298,293,298.2,275,11.91,-0.95
2016-01-07,303,295.8,305,295.55,18.77,-3.02
2016-01-05,308.55,305,311.5,300.6,17,-0.89
2016-01-04,308.05,307.75,315.9,307.75,3.57,-1.99
2015-12-30,322,314,325.75,314,8.74,-2.18
2015-12-29,326.95,321,327.9,320.85,3.51,-1.47
2015-12-28,327,325.8,329,324,3.91,-0.35
2015-12-23,328,326.95,328,320.9,4.33,0.91
2015-12-22,326.6,324,329,320.85,4.08,-1.52
2015-12-21,321.55,329,332.55,321.55,4.65,2.33
2015-12-18,315,321.5,324.85,313.2,20.6,1.74
2015-12-17,326.9,316,328.6,316,8.67,-2.47
2015-12-16,312.95,324,326.45,312,22.9,3.51
2015-12-15,312,313,316.75,305,7.32,0.32
2015-12-14,300.55,312,313.9,300.55,9.95,2.63
2015-12-11,317.1,304,329,300.55,40.58,-2.95
2015-12-10,300.05,313.25,318.1,300.05,11.79,6.19
2015-12-09,304.9,295,304.9,282.55,12.67,-2.17
2015-12-08,312.1,301.55,312.85,295.15,9.89,-3.4
2015-12-07,306.4,312.15,312.9,304.1,8.44,3.07
2015-12-04,299.45,302.85,302.85,292,12.02,2.31
2015-12-03,292.5,296,303.95,292.5,5.41,0.46
2015-12-02,302.2,294.65,304.45,288.75,8.03,-1.82
2015-12-01,303.8,300.1,304.95,300.1,5.73,-0.02
2015-11-30,303,300.15,305,296.1,19.13,-1.27
2015-11-27,319,304,319,301.9,4.97,-4.57
2015-11-26,317,318.55,318.55,306.65,2.97,2.38
2015-11-25,308.05,311.15,314.7,307.05,4.7,1.4
2015-11-24,318.2,306.85,319.65,305.2,9.1,-2.94
2015-11-23,334.95,316.15,334.95,309,14.04,-5.84
2015-11-20,336.95,335.75,339,332,3.02,-0.42
2015-11-19,335.2,337.15,338.05,331.45,2.91,-0.55
2015-11-18,337.8,339,342.2,334.75,6.93,1.38
2015-11-17,326.6,334.4,338.8,323.6,4.01,3.64
2015-11-16,329,322.65,329,320.1,5.42,-2.36
2015-11-13,330.1,330.45,338,327.1,7.1,0.14
2015-11-12,338,330,338,329,6.78,-1.17
2015-11-10,337,333.9,338.95,327.5,11.63,-0.89
2015-11-09,351.6,336.9,351.6,328.6,15.23,-3.19
2015-11-06,361.8,348,361.95,345.25,13.81,-3.87
2015-11-05,362.05,362,364.65,355.6,6.97,-0.82
2015-11-04,366.5,365,368.45,363,6.89,0
2015-11-03,374,365,374,363.1,12.17,-0.5
2015-11-02,364,366.85,368.5,362.15,5.34,1.06
2015-10-30,363.5,363,365.95,360.1,8.44,-0.27
2015-10-29,388,364,388,361,12.16,-0.6
2015-10-28,371.3,366.2,371.3,363.8,12.09,-0.22
2015-10-27,366.05,367,372.95,364.2,8.9,-0.82
2015-10-26,379.95,370.05,379.95,368.55,22.04,-3.88
2015-10-23,387.15,385,387.9,382.2,8.82,-0.39
2015-10-22,388.75,386.5,388.8,382.8,9.98,-0.21
2015-10-21,389.45,387.3,389.45,383.85,4.29,0.34
2015-10-20,387,386,390.05,382.7,7.82,-0.64
2015-10-19,385,388.5,389.85,381.2,5.46,0.49
2015-10-16,391.95,386.6,394.3,386.6,5.33,-0.46
2015-10-15,390.65,388.4,390.8,386.5,6.81,0.4
2015-10-14,388.6,386.85,391.8,386,4.35,-0.57
2015-10-13,392,389.05,393.2,384.15,19.21,-0.88
2015-10-12,385,392.5,394.5,385,40.18,1.55
2015-10-09,385,386.5,391,376.55,9.51,1.15
2015-10-08,377.2,382.1,385,374.1,8.37,0.1
2015-10-07,375,381.7,382.85,374.85,10.29,1.26
2015-10-06,367.85,376.95,379.75,366,11.53,2.47
2015-10-05,358.85,367.85,367.85,353,6.3,3.77
2015-10-02,350.95,354.5,356,349.8,19.51,1.18
2015-10-01,346.75,350.35,353.75,345.45,38.43,0.97
2015-09-30,343.95,347,349.55,339.65,9.56,2.06
2015-09-29,343.2,340,347.5,336.2,10.26,-1.31
2015-09-28,353.2,344.5,355,343,9.13,-2.52
2015-09-25,353,353.4,359,353,6.28,0.11
2015-09-24,355,353,361.05,351.1,6.12,-0.11
2015-09-23,366.2,353.4,366.95,352.35,7.39,-3.59
2015-09-22,374.35,366.55,375.95,366.5,9.24,-2.08
2015-09-21,376,374.35,376,368.7,4.77,1.44
2015-09-18,377.7,369.05,378.15,363,23.22,-2.24
2015-09-17,380,377.5,381.25,375.05,8.42,-0.66
2015-09-16,381.95,380,382.95,373,7.66,-0.5
2015-09-15,383,381.9,383.95,372.15,9.22,-0.29
2015-09-14,378.5,383,384,362.85,9.29,1.06
2015-09-11,373.45,379,379.8,373.45,7,1.68
2015-09-10,365.8,372.75,375.9,363,13.12,2.96
2015-09-09,368.35,362.05,370,362.05,7.94,-0.54
2015-09-08,369.8,364,370,363,8.68,-1.62
2015-09-07,369.9,370,371.9,368.5,4.27,0.54
2015-09-04,363.05,368,369.5,363,9.22,1.36
2015-09-03,360.95,363.05,365,360.05,5.09,1.41
2015-09-02,361.9,358,363.95,357.95,12.26,-1.27
2015-09-01,359.8,362.6,364.9,356.7,28.37,-0.66
2015-08-31,365.45,365,366.5,363.9,25.53,-0.27
2015-08-28,351.8,366,366,348.95,23.82,4.57
2015-08-27,340,350,354.95,338.1,9.24,5.11
2015-08-26,333,333,337.8,325.1,11.86,0
2015-08-25,329.55,333,335.8,329.55,13.35,0.36
2015-08-24,335,331.8,341.1,327,23.1,-3.69
2015-08-21,345,344.5,346.95,337.85,8.68,-0.86
2015-08-20,347.6,347.5,350.8,342,8.13,0.14
2015-08-19,352,347,360,344.15,9.65,0.64
2015-08-18,346.1,344.8,350,341.65,7.8,-0.38
2015-08-17,358.1,346.1,358.1,343.25,2.45,-3.18
2015-08-14,362.55,357.45,369.65,351.3,11.02,-1.5
2015-08-13,353.6,362.9,362.9,348.95,8.05,3.14
2015-08-12,349.05,351.85,351.95,346,11.17,0.14
2015-08-11,349.65,351.35,352.9,347,10.16,0.49
2015-08-10,340.05,349.65,349.65,336.45,5.85,3.52
2015-08-07,345,337.75,345,337.15,16.37,-2.07
2015-08-06,365,344.9,365,326.1,75.06,-7.79
2015-08-05,373.3,374.05,375.9,371.15,14.2,-0.19
2015-08-04,375,374.75,375,370,6.98,0.07
2015-08-03,378,374.5,378.7,370,5.17,-0.93
2015-07-31,374.95,378,378,365.65,24.25,2.16
2015-07-30,371,370,373.55,366.2,11.08,0.04
2015-07-29,361.05,369.85,388.95,361.05,29.39,2.71
2015-07-28,370,360.1,370.25,358,25.85,-1.65
2015-07-27,360,366.15,374,357.55,51.97,1.12
2015-07-24,366.55,362.1,369.95,362.1,10.57,-1.52
2015-07-23,361.4,367.7,368.95,361,14.94,0.74
2015-07-22,370,365,370,355,21.48,-1.62
2015-07-21,377,371,379,366.05,4.72,-2.1
2015-07-20,390.1,378.95,393.75,377.55,4.49,-3.06
2015-07-17,390.05,390.9,391.5,385.5,3.6,0.49
2015-07-16,384,389,391.95,384,6.97,2.64
2015-07-15,387.55,379,388,377.55,9.55,-1.13
2015-07-14,390.35,383.35,391.95,378.1,5.08,-0.45
2015-07-13,389.1,385.1,397.8,385.1,3.44,-2.52
2015-07-10,381.8,395.05,395.05,378.35,5.09,4.43
2015-07-09,370.7,378.3,378.85,365.1,5.13,0.99
2015-07-08,383.05,374.6,388,371.6,8.08,-2.19
2015-07-07,399.4,383,404.85,381.65,5.2,-4.27
2015-07-06,397,400.1,404.25,395,5.75,0.28
2015-07-03,406.5,399,408.55,397.4,6.36,-1.08
2015-07-02,410.5,403.35,415.95,402.85,8.08,-1.78
2015-07-01,413.4,410.65,428,410.65,8.61,-0.48
2015-06-30,410.6,412.65,419.8,409.3,17.63,0.61
2015-06-29,393,410.15,413.65,391.5,5.24,-0.93
2015-06-26,419.9,414,420.85,414,15.35,-0.64
2015-06-25,428.45,416.65,435,414,15,-1.96
2015-06-24,432,425,434.9,425,8.12,-1.16
2015-06-23,439.95,430,439.95,430,4.4,-2.14
2015-06-22,416.5,439.4,439.4,416.5,5.57,5.5
2015-06-19,423.3,416.5,426.2,416.5,18.66,-2.46
2015-06-18,433.7,427,434.55,414.3,7.48,-2.7
2015-06-17,448.5,438.85,448.85,435,7.64,-2.15
2015-06-16,437.95,448.5,448.5,432.2,4.04,2.07
2015-06-15,439,439.4,444.9,433,4.11,0.09
2015-06-12,442.95,439,443,439,3.42,-0.84
2015-06-11,443.7,442.7,443.7,439,4.15,0.61
2015-06-10,448.45,440,448.45,432.05,11.15,-1.12
2015-06-09,440,445,449.1,440,9.55,0.91
2015-06-08,435,441,441,434.1,8.35,1.38
2015-06-05,448.55,435,453.65,430,15.33,-3.77
2015-06-03,451.35,452.05,456.95,449.5,16.33,-0.65
2015-06-02,450.25,455,457.55,450.25,11.74,0.46
2015-06-01,452,452.9,456.85,450.1,14.66,-0.46
2015-05-29,451.6,455,456.15,451.5,16.9,0.75
2015-05-28,458.05,451.6,459.4,450,22.09,-1.03
2015-05-27,450.05,456.3,460.85,446.55,8.75,1.89
2015-05-26,448,447.85,457.05,445.9,7.03,0.28
2015-05-25,456,446.6,456,446.1,17.5,-2.19
2015-05-22,469.3,456.6,471.45,456.1,8.61,-2.35
2015-05-21,470.9,467.6,472,467.6,14.78,-0.55
2015-05-20,475,470.2,475.35,470,4.49,-1.04
2015-05-19,472.55,475.15,480,472.55,5.85,0.55
2015-05-18,479.9,472.55,483.75,472.55,6.2,-0.52
2015-05-15,481,475,481,472.5,9.91,-1.04
2015-05-14,482.1,480,484.85,479.25,6.55,0.16
2015-05-13,481.5,479.25,486,479.1,4.68,-0.57
2015-05-12,478,482,486,477.45,7.53,0.35
2015-05-11,482,480.3,484,479.95,4.99,-0.7
2015-05-08,484.95,483.7,488.9,479.4,10.83,-0.06
2015-05-07,486.35,484,486.35,476,8.31,-0.19
2015-05-06,469.5,484.9,487,469.1,30.91,3.17
2015-05-05,460,470,472.8,460,4.74,2.17
2015-05-04,467.7,460,469.9,455.3,8.93,-1.37
2015-04-30,470.4,466.4,472.9,464,11.78,-0.85
2015-04-29,475,470.4,481.45,465.1,9.99,-0.97
2015-04-28,476.65,475,479.75,471.4,13.82,-0.35
2015-04-27,490,476.65,490,476.35,9.96,-0.92
2015-04-24,489.95,481.1,489.95,475.95,11.48,-1.82
2015-04-23,484,490,490,480,8.08,1.32
2015-04-22,472.7,483.6,483.6,472.7,29.79,1.17
2015-04-21,479,478,483,474.5,11.7,-0.21
2015-04-20,468.85,479,479.45,468,13.02,2.35
2015-04-17,477.95,468,481.55,468,15.2,-2.19
2015-04-16,477,478.5,478.5,472.6,17.11,0.54
2015-04-15,454.5,475.95,479.45,452.35,19.03,5.38
2015-04-14,458.6,451.65,458.6,446,3.65,-1.39
2015-04-13,457.95,458,458.8,454.4,2.98,-0.03
2015-04-10,458.15,458.15,462,453.25,7.52,0.03
2015-04-09,446.7,458,458.7,446.7,9.72,2.69
2015-04-08,440.15,446,446,440.15,3.92,1.36
2015-04-07,443.9,440,448,440,12.91,0.33
2015-04-02,449,438.55,449,438.55,3.02,-2.33
2015-04-01,441.05,449,449.6,440,3.94,1.96
2015-03-31,442.8,440.35,442.9,435,9.73,0.62
2015-03-30,441.5,437.65,447.8,437.55,8.44,0.03
2015-03-27,441.7,437.5,443.95,435.1,9.14,-0.7
2015-03-26,444,440.6,447.5,440.6,5.24,-0.98
2015-03-25,446.2,444.95,449.7,444.1,5.62,-0.28
2015-03-24,452,446.2,455,445.1,8.36,-1.28
2015-03-23,459.75,452,459.75,451,3.02,-1.7
2015-03-20,453,459.8,459.8,448.05,48.76,1.5
2015-03-19,444.5,453,455,444.5,11.51,2.6
2015-03-18,441.45,441.5,443.9,438.2,12.78,0.8
2015-03-17,438,438,441.85,436.3,4.65,0
2015-03-16,440,438,440,435.6,7.96,-0.45
2015-03-13,431.4,440,440,431.35,10.05,2.18
2015-03-12,438.8,430.6,438.8,430.6,13.27,-1.08
2015-03-11,437.55,435.3,438.9,435,13.3,-0.15
2015-03-10,437.9,435.95,440.15,435,10.83,-0.45
2015-03-09,440.15,437.9,444.9,437.9,8.08,-0.7
2015-03-06,456,441,456,440.65,9.64,-3.29
2015-03-05,455.1,456,460.6,455.05,15.71,1.11
2015-03-04,442.3,451,452,442,10.94,2.97
2015-03-03,447.9,438,454,436.9,9.6,-1.65
2015-03-02,462,445.35,462,440.2,4.54,-2.61
2015-02-27,455.7,457.3,463.2,454.25,17.32,0.35
2015-02-26,445,455.7,455.7,444.4,22.98,2.43
2015-02-25,438.9,444.9,445,436,13.48,1.34
2015-02-24,438.35,439,439,435.05,6.2,0.27
2015-02-23,438.3,437.8,438.4,435.1,4.94,0.41
2015-02-20,435.5,436,437.95,434,3.98,0.22
2015-02-19,430,435.05,438,429.5,16.9,0.94
2015-02-18,436.5,431,436.7,429.2,11.42,-0.97
2015-02-17,436,435.2,436.9,434,8.95,-0.21
2015-02-16,435.05,436.1,436.35,428.3,4.99,0.7
2015-02-13,431,433.05,433.05,428.15,7.13,0.71
2015-02-12,436,430,438.6,426.7,12.32,-0.57
2015-02-11,435,432.45,437.55,431,16.47,-0.36
2015-02-10,433,434,435.9,430.1,15.43,0.46
2015-02-09,446.85,432,447.95,426.1,37.31,-2.79
2015-02-06,448,444.4,452,443.2,10.68,-0.8
2015-02-05,449.8,448,453.7,446.75,10.3,-0.44
2015-02-04,455,450,455.05,432.75,21.07,0
2015-02-03,470,450,471.25,442.05,35.81,-4.46
2015-02-02,473.5,471,473.5,465.1,21.39,0.43
2015-01-30,471.5,469,472.35,465.5,14.33,-0.32
2015-01-29,467.1,470.5,472.4,463.8,6.23,-0.17
2015-01-28,455.25,471.3,472.3,448,25.49,4.73
2015-01-27,451.5,450,458.95,445.5,16.7,-0.22
2015-01-26,466.1,451,466.1,441.05,13,-3.26
2015-01-23,453,466.2,466.2,453,10.72,3.37
2015-01-22,448.65,451,455,448,12.52,-0.24
2015-01-21,443,452.1,452.1,425.05,17.51,2.17
2015-01-20,444.7,442.5,448.5,442.5,16.3,-0.05
2015-01-19,450.95,442.7,456.55,441,35.24,-1.83
2015-01-16,466.3,450.95,467.9,450.95,55.64,-2.81
2015-01-15,502.65,464,504.75,452.4,141.19,-7.31
2015-01-14,502.7,500.6,505.1,495.55,4.84,-0.85
2015-01-13,504.05,504.9,509,502.35,12.39,-0.02
2015-01-12,504.65,505,508,497.6,9.7,0.06
2015-01-09,505,504.7,508,502.45,8.67,-0.06
2015-01-08,494.95,505,511.6,494,13.46,1.98
2015-01-07,484.85,495.2,497.85,482.25,6.57,2.76
2015-01-05,493.55,481.9,499.1,481.9,9.23,-3.23
2015-01-02,497.5,498,503.2,490.7,4.72,0
2014-12-30,499.7,498,505.25,497,8.09,-0.71
2014-12-29,500,501.55,508.9,498.75,17.88,0.02
2014-12-23,499.95,501.45,508.9,496.05,13.86,0.29
2014-12-22,490.3,500,502,490.3,5.63,1.82
2014-12-19,495.25,491.05,496.25,490.05,30.36,-0.8
2014-12-18,494,495,499,485.1,11.26,2.48
2014-12-17,482.5,483,492,480.2,13.38,0.08
2014-12-16,480.7,482.6,493,475,18.9,0.42
2014-12-15,484.15,480.6,497,480.6,12.02,-0.62
2014-12-12,499.85,483.6,499.85,483.6,6.25,-2.63
2014-12-11,500.3,496.65,504.95,496.65,10.62,-1.46
2014-12-10,501,504,505,500.4,17.42,-0.08
2014-12-09,503,504.4,504.9,500.1,9.28,-0.12
2014-12-08,506,505,506,501.7,3.16,0.22
2014-12-05,500,503.9,507.05,496.9,6.22,1.39
2014-12-04,510,497,511.95,497,7.87,-2.37
2014-12-03,508.95,509.05,512.45,508.05,11.08,0.21
2014-12-02,503.9,508,509.25,502.25,25.94,0.81
2014-12-01,503.65,503.9,507.95,499.05,13.34,0
